admin@prueba.com,admin,2,testName,lastName,19,1,2003,123 Main St 12345 Anytown,Anytown,6,12345,21,1111111111,My Address 
user@prueba.com,test,2,testName,lastName,19,1,2003,123 Main St 12345 Anytown,Anytown,6,12345,21,1111111111,My Address 
seconduser@mail.com,test,2,testName,lastName,19,1,2003,123 Main St 12345 Anytown,Anytown,6,12345,21,1111111111,My Address 
admin2@prueba.com,admin,2,testName,lastName,19,1,2003,123 Main St 12345 Anytown,Anytown,6,12345,21,1111111111,My Address 
user1@prueba.com,test,2,testName,lastName,19,1,2003,123 Main St 12345 Anytown,Anytown,6,12345,21,1111111111,My Address 
seconduser2@mail.com,test,2,testName,lastName,19,1,2003,123 Main St 12345 Anytown,Anytown,6,12345,21,1111111111,My Address 
admin0@prueba.com,admin,2,testName,lastName,19,1,2003,123 Main St 12345 Anytown,Anytown,6,12345,21,1111111111,My Address 
user0@prueba.com,test,2,testName,lastName,19,1,2003,123 Main St 12345 Anytown,Anytown,6,12345,21,1111111111,My Address 
seconduser0@mail.com,test,2,testName,lastName,19,1,2003,123 Main St 12345 Anytown,Anytown,6,12345,21,1111111111,My Address 
admin01@prueba.com,admin,2,testName,lastName,19,1,2003,123 Main St 12345 Anytown,Anytown,6,12345,21,1111111111,My Address 
user01@prueba.com,test,2,testName,lastName,19,1,2003,123 Main St 12345 Anytown,Anytown,6,12345,21,1111111111,My Address 
secoduser02@mail.com,test,2,testName,lastName,19,1,2003,123 Main St 12345 Anytown,Anytown,6,12345,21,1111111111,My Address 